{"sources":[{"type":"single","resource":"medieval_furniture_plus:stool"},{"type":"single","resource":"_iainternal:icons/icon_left_blue"},{"type":"single","resource":"_iainternal:icons/icon_cancel"},{"type":"single","resource":"ax_autumn_set:autumn_chestplate"},{"type":"single","resource":"_iainternal:icons/icon_back_orange"},{"type":"single","resource":"_iainternal:icons/icon_arrow_chest"},{"type":"single","resource":"medieval_furniture_plus:candel"},{"type":"single","resource":"medieval_furniture_plus:chest"},{"type":"single","resource":"medieval_furniture_plus:cart"},{"type":"single","resource":"medieval_furniture_plus:chandelier"},{"type":"single","resource":"medieval_furniture_plus:bench"},{"type":"single","resource":"medieval_furniture_plus:boxes"},{"type":"single","resource":"_iainternal:icons/icon_search"},{"type":"single","resource":"_iainternal:icons/icon_next_orange"},{"type":"single","resource":"medieval_furniture_plus:torch"},{"type":"single","resource":"_iainternal:icons/icon_right_blue"},{"type":"single","resource":"medieval_furniture_plus:candlestick"},{"type":"single","resource":"medieval_furniture_plus:desk"},{"type":"single","resource":"medieval_furniture_plus:chair"},{"type":"single","resource":"mapping:shop"},{"type":"single","resource":"medieval_furniture_plus:bed"},{"type":"single","resource":"medieval_furniture_plus:candlefire"},{"type":"single","resource":"medieval_furniture_plus:bedside_table"},{"type":"single","resource":"medieval_furniture_plus:table_v2"},{"type":"single","resource":"medieval_furniture_plus:table_v3"},{"type":"single","resource":"medieval_furniture_plus:table_v1"},{"type":"single","resource":"medieval_furniture_plus:storage"}]}