{"texture_size":[64,64],"textures":{"1":"medieval_furniture_plus:candlestick","particle":"medieval_furniture_plus:candlestick"},"elements":[{"from":[5.5,3,5.5],"to":[10.5,5,10.5],"rotation":{"angle":0,"axis":"y","origin":[0,-0.2,0]},"faces":{"north":{"uv":[1.75,6.5,3,7],"texture":"#1"},"east":{"uv":[6.25,6.5,7.5,7],"texture":"#1"},"south":{"uv":[5,6.75,6.25,7.25],"texture":"#1"},"west":{"uv":[0,7,1.25,7.5],"texture":"#1"},"up":{"uv":[6.25,4.25,5,3],"texture":"#1"},"down":{"uv":[6.25,4.25,5,5.5],"texture":"#1"}}},{"from":[6.5,5,6.5],"to":[9.5,7,9.5],"rotation":{"angle":0,"axis":"y","origin":[0,-0.2,0]},"faces":{"north":{"uv":[7,7,7.75,7.5],"texture":"#1"},"east":{"uv":[2.75,7.25,3.5,7.75],"texture":"#1"},"south":{"uv":[3.5,7.25,4.25,7.75],"texture":"#1"},"west":{"uv":[4.25,7.25,5,7.75],"texture":"#1"},"up":{"uv":[3.75,7.25,3,6.5],"texture":"#1"},"down":{"uv":[2,7,1.25,7.75],"texture":"#1"}}},{"from":[4.5,30,4.5],"to":[11.5,32,11.5],"rotation":{"angle":0,"axis":"y","origin":[0,-0.2,0]},"faces":{"north":{"uv":[6.25,5,8,5.5],"texture":"#1"},"east":{"uv":[6.25,5.5,8,6],"texture":"#1"},"south":{"uv":[6.25,6,8,6.5],"texture":"#1"},"west":{"uv":[0,6.5,1.75,7],"texture":"#1"},"up":{"uv":[1.75,1.75,0,0],"texture":"#1"},"down":{"uv":[1.75,1.75,0,3.5],"texture":"#1"}}},{"from":[6.5,28,6.5],"to":[9.5,30,9.5],"rotation":{"angle":0,"axis":"y","origin":[0,-0.2,0]},"faces":{"north":{"uv":[5,7.25,5.75,7.75],"texture":"#1"},"east":{"uv":[0,7.5,0.75,8],"texture":"#1"},"south":{"uv":[7.5,0,8.25,0.5],"texture":"#1"},"west":{"uv":[7.5,0.5,8.25,1],"texture":"#1"},"up":{"uv":[2.75,7.75,2,7],"texture":"#1"},"down":{"uv":[7,7,6.25,7.75],"texture":"#1"}}},{"from":[7,7,7],"to":[9,28,9],"rotation":{"angle":0,"axis":"y","origin":[0,-0.2,0]},"faces":{"north":{"uv":[1.75,0,2.25,5.25],"texture":"#1"},"east":{"uv":[2.25,0,2.75,5.25],"texture":"#1"},"south":{"uv":[2.75,0,3.25,5.25],"texture":"#1"},"west":{"uv":[3.25,0,3.75,5.25],"texture":"#1"},"up":{"uv":[1.75,4,1.25,3.5],"texture":"#1"},"down":{"uv":[1.75,4,1.25,4.5],"texture":"#1"}}},{"from":[8,0,10.5],"to":[8,6,15.5],"rotation":{"angle":0,"axis":"y","origin":[8,1.465,7.91788]},"faces":{"north":{"uv":[0,0,0,1.5],"texture":"#1"},"east":{"uv":[0,3.5,1.25,5],"texture":"#1"},"south":{"uv":[0,0,0,1.5],"texture":"#1"},"west":{"uv":[3.75,0,5,1.5],"texture":"#1"},"up":{"uv":[0,1.25,0,0],"texture":"#1"},"down":{"uv":[0,0,0,1.25],"texture":"#1"}}},{"from":[8,0,0.5],"to":[8,6,5.5],"rotation":{"angle":0,"axis":"y","origin":[8,1.465,8.08212]},"faces":{"north":{"uv":[0,0,0,1.5],"texture":"#1"},"east":{"uv":[3.75,1.5,5,3],"texture":"#1"},"south":{"uv":[0,0,0,1.5],"texture":"#1"},"west":{"uv":[3.75,3,5,4.5],"texture":"#1"},"up":{"uv":[0,1.25,0,0],"texture":"#1"},"down":{"uv":[0,0,0,1.25],"texture":"#1"}}},{"from":[8,27,1.9],"to":[8,32,6.9],"rotation":{"angle":0,"axis":"y","origin":[8,29.5,8]},"faces":{"north":{"uv":[0,0,0,1.25],"texture":"#1"},"east":{"uv":[1.25,5.25,2.5,6.5],"texture":"#1"},"south":{"uv":[0,0,0,1.25],"texture":"#1"},"west":{"uv":[2.5,5.25,3.75,6.5],"texture":"#1"},"up":{"uv":[0,1.25,0,0],"texture":"#1"},"down":{"uv":[0,0,0,1.25],"texture":"#1"}}},{"from":[8,27,9.1],"to":[8,32,14.1],"rotation":{"angle":0,"axis":"y","origin":[8,29.5,8]},"faces":{"north":{"uv":[0,0,0,1.25],"texture":"#1"},"east":{"uv":[5,5.5,6.25,6.75],"texture":"#1"},"south":{"uv":[0,0,0,1.25],"texture":"#1"},"west":{"uv":[3.75,6,5,7.25],"texture":"#1"},"up":{"uv":[0,1.25,0,0],"texture":"#1"},"down":{"uv":[0,0,0,1.25],"texture":"#1"}}},{"from":[9.1,27,8],"to":[14.1,32,8],"rotation":{"angle":0,"axis":"y","origin":[8,29.5,8]},"faces":{"north":{"uv":[6.25,0,7.5,1.25],"texture":"#1"},"east":{"uv":[0,0,0,1.25],"texture":"#1"},"south":{"uv":[6.25,1.25,7.5,2.5],"texture":"#1"},"west":{"uv":[0,0,0,1.25],"texture":"#1"},"up":{"uv":[1.25,0,0,0],"texture":"#1"},"down":{"uv":[1.25,0,0,0],"texture":"#1"}}},{"from":[1.9,27,8],"to":[6.9,32,8],"rotation":{"angle":0,"axis":"y","origin":[8,29.5,8]},"faces":{"north":{"uv":[6.25,2.5,7.5,3.75],"texture":"#1"},"east":{"uv":[0,0,0,1.25],"texture":"#1"},"south":{"uv":[6.25,3.75,7.5,5],"texture":"#1"},"west":{"uv":[0,0,0,1.25],"texture":"#1"},"up":{"uv":[1.25,0,0,0],"texture":"#1"},"down":{"uv":[1.25,0,0,0],"texture":"#1"}}},{"from":[0.5,0,7.91788],"to":[5.5,6,7.91788],"rotation":{"angle":0,"axis":"y","origin":[7.98212,1.465,7.91788]},"faces":{"north":{"uv":[3.75,4.5,5,6],"texture":"#1"},"east":{"uv":[0,0,0,1.5],"texture":"#1"},"south":{"uv":[0,5,1.25,6.5],"texture":"#1"},"west":{"uv":[0,0,0,1.5],"texture":"#1"},"up":{"uv":[1.25,0,0,0],"texture":"#1"},"down":{"uv":[1.25,0,0,0],"texture":"#1"}}},{"from":[10.5,0,7.91788],"to":[15.5,6,7.91788],"rotation":{"angle":0,"axis":"y","origin":[7.81788,1.465,7.91788]},"faces":{"north":{"uv":[5,0,6.25,1.5],"texture":"#1"},"east":{"uv":[0,0,0,1.5],"texture":"#1"},"south":{"uv":[5,1.5,6.25,3],"texture":"#1"},"west":{"uv":[0,0,0,1.5],"texture":"#1"},"up":{"uv":[1.25,0,0,0],"texture":"#1"},"down":{"uv":[1.25,0,0,0],"texture":"#1"}}}],"display":{"thirdperson_righthand":{"rotation":[65.25,45,0],"translation":[0,0.5,0],"scale":[0.375,0.375,0.375]},"thirdperson_lefthand":{"rotation":[65.25,45,0],"translation":[0,0.5,0],"scale":[0.375,0.375,0.375]},"firstperson_righthand":{"rotation":[0,45,0],"translation":[1,1.25,0],"scale":[0.20078,0.20078,0.20078]},"firstperson_lefthand":{"rotation":[0,45,0],"translation":[1,1.25,0],"scale":[0.20078,0.20078,0.20078]},"ground":{"translation":[0,3,0],"scale":[0.25,0.25,0.25]},"gui":{"rotation":[30,225,0],"translation":[0,-3.25,0],"scale":[0.44922,0.44922,0.44922]},"head":{"translation":[0,-30.4,0],"scale":[1.6,1.6,1.6]},"fixed":{"rotation":[-90,180,0],"translation":[0,0,-16],"scale":[2.01,2.01,2.01]}}}