{"texture_size":[32,32],"textures":{"1":"medieval_furniture_plus:candlefire","5":"medieval_furniture_plus:candel","particle":"medieval_furniture_plus:candlefire"},"elements":[{"from":[7.5,0.1449,7.5],"to":[8.5,5.1449,8.5],"rotation":{"angle":0,"axis":"x","origin":[8,4.1949,8]},"faces":{"north":{"uv":[5.5,9,6,11.5],"texture":"#5"},"east":{"uv":[6,10,6.5,12.5],"texture":"#5"},"south":{"uv":[6.5,10,7,12.5],"texture":"#5"},"west":{"uv":[7,10,7.5,12.5],"texture":"#5"},"up":{"uv":[9,5,8.5,4.5],"texture":"#5"},"down":{"uv":[8,10,7.5,10.5],"texture":"#5"}}},{"from":[7,4.9449,8],"to":[9,6.9449,8],"rotation":{"angle":0,"axis":"x","origin":[8,4.1949,8]},"faces":{"north":{"uv":[0,0,16,16],"texture":"#1"},"east":{"uv":[0,0,0,3],"texture":"#missing"},"south":{"uv":[16,0,0,16],"texture":"#1"},"west":{"uv":[0,0,0,3],"texture":"#missing"},"up":{"uv":[3,0,0,0],"texture":"#missing"},"down":{"uv":[3,0,0,0],"texture":"#missing"}}},{"from":[8,4.9449,7],"to":[8,6.9449,9],"rotation":{"angle":0,"axis":"y","origin":[8,4.1949,8]},"faces":{"north":{"uv":[0,0,0,3],"texture":"#missing"},"east":{"uv":[16,0,0,16],"texture":"#1"},"south":{"uv":[0,0,0,3],"texture":"#missing"},"west":{"uv":[0,0,16,16],"texture":"#1"},"up":{"uv":[3,0,0,0],"rotation":270,"texture":"#missing"},"down":{"uv":[3,0,0,0],"rotation":90,"texture":"#missing"}}},{"from":[6.825,-0.9551,6.775],"to":[9.225,8.0449,9.175],"rotation":{"angle":0,"axis":"x","origin":[7.975,8.26028,7.57574]},"faces":{"north":{"uv":[0,0,1.25,4.5],"texture":"#5"},"east":{"uv":[1.5,0,2.75,4.5],"texture":"#5"},"south":{"uv":[3,0,4.25,4.5],"texture":"#5"},"west":{"uv":[0,4.5,1.25,9],"texture":"#5"},"up":{"uv":[10.25,5.75,9,4.5],"texture":"#5"},"down":{"uv":[10.25,6,9,7.25],"texture":"#5"}}},{"from":[9.225,8.0449,9.175],"to":[6.825,-0.9551,6.775],"rotation":{"angle":0,"axis":"x","origin":[7.975,8.26028,7.57574]},"faces":{"north":{"uv":[4.5,0,5.75,4.5],"texture":"#5"},"east":{"uv":[1.5,4.5,2.75,9],"texture":"#5"},"south":{"uv":[3,4.5,4.25,9],"texture":"#5"},"west":{"uv":[4.5,4.5,5.75,9],"texture":"#5"},"up":{"uv":[10.25,8.75,9,7.5],"texture":"#5"},"down":{"uv":[10.25,9,9,10.25],"texture":"#5"}}},{"from":[3.25785,-0.63924,5.8],"to":[6.25785,-0.63924,10.2],"rotation":{"angle":-22.5,"axis":"z","origin":[8,0.7037,8]},"faces":{"north":{"uv":[0,0,1.5,0],"texture":"#5"},"east":{"uv":[0,0,2.25,0],"texture":"#5"},"south":{"uv":[0,0,1.5,0],"texture":"#5"},"west":{"uv":[0,0,2.25,0],"texture":"#5"},"up":{"uv":[7.5,7.25,6,5],"texture":"#5"},"down":{"uv":[7.5,7.25,6,5],"texture":"#5"}}},{"from":[9.74215,-0.63924,5.8],"to":[12.74215,-0.63924,10.2],"rotation":{"angle":22.5,"axis":"z","origin":[8,0.7037,8]},"faces":{"north":{"uv":[0,0,1.5,0],"texture":"#5"},"east":{"uv":[0,0,2.25,0],"texture":"#5"},"south":{"uv":[0,0,1.5,0],"texture":"#5"},"west":{"uv":[0,0,2.25,0],"texture":"#5"},"up":{"uv":[7.5,9.75,6,7.5],"texture":"#5"},"down":{"uv":[7.5,9.75,6,7.5],"texture":"#5"}}},{"from":[5.8,-0.63924,9.74215],"to":[10.2,-0.63924,12.74215],"rotation":{"angle":-22.5,"axis":"x","origin":[8,0.7037,8]},"faces":{"north":{"uv":[0,0,2.25,0],"texture":"#5"},"east":{"uv":[0,0,1.5,0],"texture":"#5"},"south":{"uv":[0,0,2.25,0],"texture":"#5"},"west":{"uv":[0,0,1.5,0],"texture":"#5"},"up":{"uv":[10.75,4.5,8.5,3],"texture":"#5"},"down":{"uv":[10.75,3,8.5,4.5],"texture":"#5"}}},{"from":[5.8,-0.63924,3.25785],"to":[10.2,-0.63924,6.25785],"rotation":{"angle":22.5,"axis":"x","origin":[8,0.7037,8]},"faces":{"north":{"uv":[0,0,2.25,0],"texture":"#5"},"east":{"uv":[0,0,1.5,0],"texture":"#5"},"south":{"uv":[0,0,2.25,0],"texture":"#5"},"west":{"uv":[0,0,1.5,0],"texture":"#5"},"up":{"uv":[10.75,1.5,8.5,0],"texture":"#5"},"down":{"uv":[8.5,4.5,10.75,3],"texture":"#5"}}},{"from":[5.775,0.1,5.825],"to":[10.175,0.1,10.225],"rotation":{"angle":0,"axis":"y","origin":[0.775,0,-0.175]},"faces":{"north":{"uv":[0,0,2.25,0],"texture":"#5"},"east":{"uv":[0,0,2.25,0],"texture":"#5"},"south":{"uv":[0,0,2.25,0],"texture":"#5"},"west":{"uv":[0,0,2.25,0],"texture":"#5"},"up":{"uv":[8.25,2.25,6,0],"texture":"#5"},"down":{"uv":[8.25,2.5,6,4.75],"texture":"#5"}}}],"gui_light":"front","display":{"thirdperson_righthand":{"rotation":[71.28,-1.74,5.52],"translation":[0,4,5.75],"scale":[0.8125,0.8125,0.8125]},"thirdperson_lefthand":{"rotation":[71.28,-1.74,5.52],"translation":[0,4,5.75],"scale":[0.8125,0.8125,0.8125]},"firstperson_righthand":{"rotation":[176.39,4.98,176.76],"translation":[2.75,2.75,0],"scale":[0.54844,0.54844,0.54844]},"firstperson_lefthand":{"rotation":[176.39,4.98,176.76],"translation":[2.75,2.75,0],"scale":[0.54844,0.54844,0.54844]},"ground":{"translation":[0,5.75,0],"scale":[0.86328,0.86328,0.86328]},"gui":{"rotation":[30,225,0],"translation":[0,6.75,0],"scale":[1.51368,1.51368,1.51368]},"head":{"rotation":[-180,0,-180],"translation":[0,-30.4,0],"scale":[1.6,1.6,1.6]},"fixed":{"rotation":[-90,0,0],"translation":[0,0,-16],"scale":[2.01,2.01,2.01]}}}