{"texture_size":[128,128],"textures":{"3":"medieval_furniture_plus:desk","particle":"medieval_furniture_plus:desk"},"elements":[{"from":[20,0,0],"to":[22,15,2],"rotation":{"angle":0,"axis":"y","origin":[16,0,0]},"faces":{"north":{"uv":[1,6.75,1.25,8.625],"texture":"#3"},"east":{"uv":[1.25,6.75,1.5,8.625],"texture":"#3"},"south":{"uv":[1.5,6.75,1.75,8.625],"texture":"#3"},"west":{"uv":[1.75,6.75,2,8.625],"texture":"#3"},"up":{"uv":[4.875,6,4.625,5.75],"texture":"#3"},"down":{"uv":[2.5,6.125,2.25,6.375],"texture":"#3"}}},{"from":[-7,15,-2],"to":[23,16,16],"rotation":{"angle":0,"axis":"y","origin":[16,0,0]},"faces":{"north":{"uv":[6.625,5.875,10.375,6],"texture":"#3"},"east":{"uv":[7.125,3.75,9.375,3.875],"texture":"#3"},"south":{"uv":[6.875,6,10.625,6.125],"texture":"#3"},"west":{"uv":[7.125,3.875,9.375,4],"texture":"#3"},"up":{"uv":[3.75,2.25,0,0],"texture":"#3"},"down":{"uv":[3.75,2.25,0,4.5],"texture":"#3"}}},{"from":[-7,21,6],"to":[23,22,16],"rotation":{"angle":0,"axis":"y","origin":[16,0,0]},"faces":{"north":{"uv":[6.875,6.125,10.625,6.25],"texture":"#3"},"east":{"uv":[6.25,7.125,7.5,7.25],"texture":"#3"},"south":{"uv":[6.875,6.25,10.625,6.375],"texture":"#3"},"west":{"uv":[6.25,7.25,7.5,7.375],"texture":"#3"},"up":{"uv":[7.5,1.25,3.75,0],"texture":"#3"},"down":{"uv":[7.5,1.25,3.75,2.5],"texture":"#3"}}},{"from":[20,0,14],"to":[22,15,16],"rotation":{"angle":0,"axis":"y","origin":[16,0,0]},"faces":{"north":{"uv":[2,6.75,2.25,8.625],"texture":"#3"},"east":{"uv":[2.25,7,2.5,8.875],"texture":"#3"},"south":{"uv":[2.5,7,2.75,8.875],"texture":"#3"},"west":{"uv":[2.75,7,3,8.875],"texture":"#3"},"up":{"uv":[2.75,6.375,2.5,6.125],"texture":"#3"},"down":{"uv":[3,6.125,2.75,6.375],"texture":"#3"}}},{"from":[-6,0,0],"to":[-4,15,2],"faces":{"north":{"uv":[4,7,4.25,8.875],"texture":"#3"},"east":{"uv":[4.25,7,4.5,8.875],"texture":"#3"},"south":{"uv":[4.5,7.125,4.75,9],"texture":"#3"},"west":{"uv":[4.75,7.125,5,9],"texture":"#3"},"up":{"uv":[0.75,7.625,0.5,7.375],"texture":"#3"},"down":{"uv":[1,7.375,0.75,7.625],"texture":"#3"}}},{"from":[-6,0,14],"to":[-4,15,16],"faces":{"north":{"uv":[3,7,3.25,8.875],"texture":"#3"},"east":{"uv":[3.25,7,3.5,8.875],"texture":"#3"},"south":{"uv":[3.5,7,3.75,8.875],"texture":"#3"},"west":{"uv":[3.75,7,4,8.875],"texture":"#3"},"up":{"uv":[0.25,7.625,0,7.375],"texture":"#3"},"down":{"uv":[0.5,7.375,0.25,7.625],"texture":"#3"}}},{"from":[3,12,1],"to":[13,15,14],"faces":{"north":{"uv":[6.875,6.375,8.125,6.75],"texture":"#3"},"east":{"uv":[4.5,6.75,6.125,7.125],"texture":"#3"},"south":{"uv":[5,7.125,6.25,7.5],"texture":"#3"},"west":{"uv":[6.125,6.75,7.75,7.125],"texture":"#3"},"up":{"uv":[5,4.125,3.75,2.5],"texture":"#3"},"down":{"uv":[5,4.125,3.75,5.75],"texture":"#3"}}},{"from":[-5,10,1],"to":[3,15,14],"rotation":{"angle":0,"axis":"y","origin":[16,0,0]},"faces":{"north":{"uv":[6.625,4,7.625,4.625],"texture":"#3"},"east":{"uv":[5,4.125,6.625,4.75],"texture":"#3"},"south":{"uv":[6.625,4.625,7.625,5.25],"texture":"#3"},"west":{"uv":[5,4.75,6.625,5.375],"texture":"#3"},"up":{"uv":[1,6.125,0,4.5],"texture":"#3"},"down":{"uv":[2,4.5,1,6.125],"texture":"#3"}}},{"from":[-6,16,8],"to":[3,21,14],"rotation":{"angle":0,"axis":"y","origin":[16,0,0]},"faces":{"north":{"uv":[0,6.125,1.125,6.75],"texture":"#3"},"east":{"uv":[3,4.5,3.75,5.125],"texture":"#3"},"south":{"uv":[1.125,6.125,2.25,6.75],"texture":"#3"},"west":{"uv":[3,5.125,3.75,5.75],"texture":"#3"},"up":{"uv":[7.125,3.25,6,2.5],"texture":"#3"},"down":{"uv":[7.125,3.25,6,4],"texture":"#3"}}},{"from":[13,16,8],"to":[22,21,14],"faces":{"north":{"uv":[2.25,6.375,3.375,7],"texture":"#3"},"east":{"uv":[7.125,2.5,7.875,3.125],"texture":"#3"},"south":{"uv":[3.375,6.375,4.5,7],"texture":"#3"},"west":{"uv":[7.125,3.125,7.875,3.75],"texture":"#3"},"up":{"uv":[5.75,6.75,4.625,6],"texture":"#3"},"down":{"uv":[6.875,6,5.75,6.75],"texture":"#3"}}},{"from":[13,10,1],"to":[21,15,14],"faces":{"north":{"uv":[6.625,5.25,7.625,5.875],"texture":"#3"},"east":{"uv":[5,5.375,6.625,6],"texture":"#3"},"south":{"uv":[0,6.75,1,7.375],"texture":"#3"},"west":{"uv":[3,5.75,4.625,6.375],"texture":"#3"},"up":{"uv":[3,6.125,2,4.5],"texture":"#3"},"down":{"uv":[6,2.5,5,4.125],"texture":"#3"}}}],"display":{"thirdperson_righthand":{"rotation":[73.15,20.91,3.31],"translation":[0,3,0],"scale":[0.3125,0.3125,0.3125]},"thirdperson_lefthand":{"rotation":[73.15,20.91,3.31],"translation":[0,3,0],"scale":[0.3125,0.3125,0.3125]},"firstperson_righthand":{"rotation":[170.6,60.54,-176.46],"translation":[0.75,2,0],"scale":[0.15781,0.15781,0.15781]},"firstperson_lefthand":{"rotation":[170.6,60.54,-176.46],"translation":[0.75,2,0],"scale":[0.15781,0.15781,0.15781]},"ground":{"translation":[0,1.75,0],"scale":[0.50586,0.50586,0.50586]},"gui":{"rotation":[30,225,0],"translation":[0,-1,0],"scale":[0.39063,0.39063,0.39063]},"head":{"rotation":[-180,0,-180],"translation":[0,-30.4,0],"scale":[1.6,1.6,1.6]},"fixed":{"rotation":[-90,0,0],"translation":[0,0,-16],"scale":[2.01,2.01,2.01]}}}