{"texture_size":[128,128],"textures":{"4":"medieval_furniture_plus:table_v1"},"elements":[{"from":[-11,4,7.5],"to":[27,8,8.5],"rotation":{"angle":0,"axis":"y","origin":[0,0,15]},"faces":{"north":{"uv":[0,4.5,4.75,5],"texture":"#4"},"east":{"uv":[4,5.75,4.125,6.25],"texture":"#4"},"south":{"uv":[4.75,0,9.5,0.5],"texture":"#4"},"west":{"uv":[4.125,5.75,4.25,6.25],"texture":"#4"},"up":{"uv":[9.5,2.625,4.75,2.5],"texture":"#4"},"down":{"uv":[9.5,2.625,4.75,2.5],"texture":"#4"}}},{"from":[-11,14,-1],"to":[27,16,17],"rotation":{"angle":0,"axis":"y","origin":[0,0,15]},"faces":{"north":{"uv":[4.75,0.5,9.5,0.75],"texture":"#4"},"east":{"uv":[4.75,2.75,7,3],"texture":"#4"},"south":{"uv":[4.75,0.75,9.5,1],"texture":"#4"},"west":{"uv":[4.75,3,7,3.25],"texture":"#4"},"up":{"uv":[4.75,2.25,0,0],"texture":"#4"},"down":{"uv":[4.75,2.25,0,4.5],"texture":"#4"}}},{"from":[23,3,0.5],"to":[24,6,15.5],"rotation":{"angle":0,"axis":"y","origin":[16,0,15]},"faces":{"north":{"uv":[4.75,6.125,4.875,6.5],"texture":"#4"},"east":{"uv":[4.75,1,6.625,1.375],"texture":"#4"},"south":{"uv":[4.875,6.125,5,6.5],"texture":"#4"},"west":{"uv":[4.75,1.375,6.625,1.75],"texture":"#4"},"up":{"uv":[4.875,5.125,4.75,3.25],"texture":"#4"},"down":{"uv":[5,3.25,4.875,5.125],"texture":"#4"}}},{"from":[-8,3,0.5],"to":[-7,6,15.5],"rotation":{"angle":0,"axis":"y","origin":[0,0,15]},"faces":{"north":{"uv":[6.25,3.25,6.375,3.625],"texture":"#4"},"east":{"uv":[4.75,1.75,6.625,2.125],"texture":"#4"},"south":{"uv":[6.25,3.625,6.375,4],"texture":"#4"},"west":{"uv":[4.75,2.125,6.625,2.5],"texture":"#4"},"up":{"uv":[0.125,6.875,0,5],"texture":"#4"},"down":{"uv":[0.25,5,0.125,6.875],"texture":"#4"}}},{"from":[24,0,1],"to":[26,6,3],"rotation":{"angle":0,"axis":"y","origin":[16,0,1]},"faces":{"north":{"uv":[5,5.5,5.25,6.25],"texture":"#4"},"east":{"uv":[5.25,5.5,5.5,6.25],"texture":"#4"},"south":{"uv":[5.5,5.5,5.75,6.25],"texture":"#4"},"west":{"uv":[0.25,5.75,0.5,6.5],"texture":"#4"},"up":{"uv":[6.25,6,6,5.75],"texture":"#4"},"down":{"uv":[6.25,6,6,6.25],"texture":"#4"}}},{"from":[24.01,5.85,2.23],"to":[25.99,11.85,4.23],"rotation":{"angle":22.5,"axis":"x","origin":[25,9,2]},"faces":{"north":{"uv":[0.25,5,0.5,5.75],"texture":"#4"},"east":{"uv":[0.5,5,0.75,5.75],"texture":"#4"},"south":{"uv":[0.75,5,1,5.75],"texture":"#4"},"west":{"uv":[1,5,1.25,5.75],"texture":"#4"},"up":{"uv":[6,4.75,5.75,4.5],"texture":"#4"},"down":{"uv":[6,4.75,5.75,5],"texture":"#4"}}},{"from":[24,10.8,3.15],"to":[26,15.8,5.15],"rotation":{"angle":0,"axis":"y","origin":[16,0,1]},"faces":{"north":{"uv":[0.5,5.75,0.75,6.375],"texture":"#4"},"east":{"uv":[0.75,5.75,1,6.375],"texture":"#4"},"south":{"uv":[1,5.75,1.25,6.375],"texture":"#4"},"west":{"uv":[1.25,5.75,1.5,6.375],"texture":"#4"},"up":{"uv":[4.5,6,4.25,5.75],"texture":"#4"},"down":{"uv":[4.75,5.75,4.5,6],"texture":"#4"}}},{"from":[-10,10.8,3.15],"to":[-8,15.8,5.15],"rotation":{"angle":0,"axis":"y","origin":[0,0,1]},"faces":{"north":{"uv":[1.5,5.75,1.75,6.375],"texture":"#4"},"east":{"uv":[1.75,5.75,2,6.375],"texture":"#4"},"south":{"uv":[2,5.75,2.25,6.375],"texture":"#4"},"west":{"uv":[2.25,5.75,2.5,6.375],"texture":"#4"},"up":{"uv":[5,6.125,4.75,5.875],"texture":"#4"},"down":{"uv":[6.25,3.25,6,3.5],"texture":"#4"}}},{"from":[-9.99,5.85,2.23],"to":[-8.01,11.85,4.23],"rotation":{"angle":22.5,"axis":"x","origin":[-9,9,2]},"faces":{"north":{"uv":[2.25,5,2.5,5.75],"texture":"#4"},"east":{"uv":[2.5,5,2.75,5.75],"texture":"#4"},"south":{"uv":[2.75,5,3,5.75],"texture":"#4"},"west":{"uv":[3,5,3.25,5.75],"texture":"#4"},"up":{"uv":[6,5.75,5.75,5.5],"texture":"#4"},"down":{"uv":[6,5.75,5.75,6],"texture":"#4"}}},{"from":[-10,0,1],"to":[-8,6,3],"rotation":{"angle":0,"axis":"y","origin":[0,0,1]},"faces":{"north":{"uv":[1.25,5,1.5,5.75],"texture":"#4"},"east":{"uv":[1.5,5,1.75,5.75],"texture":"#4"},"south":{"uv":[1.75,5,2,5.75],"texture":"#4"},"west":{"uv":[2,5,2.25,5.75],"texture":"#4"},"up":{"uv":[6,5.25,5.75,5],"texture":"#4"},"down":{"uv":[6,5.25,5.75,5.5],"texture":"#4"}}},{"from":[24,0,13],"to":[26,6,15],"rotation":{"angle":0,"axis":"y","origin":[16,0,15]},"faces":{"north":{"uv":[5.25,4.75,5.5,5.5],"texture":"#4"},"east":{"uv":[5.5,3.25,5.75,4],"texture":"#4"},"south":{"uv":[5.5,4,5.75,4.75],"texture":"#4"},"west":{"uv":[5.5,4.75,5.75,5.5],"texture":"#4"},"up":{"uv":[6.25,5.75,6,5.5],"texture":"#4"},"down":{"uv":[6,6,5.75,6.25],"texture":"#4"}}},{"from":[24.01,5.85,11.77],"to":[25.99,11.85,13.77],"rotation":{"angle":-22.5,"axis":"x","origin":[25,9,14]},"faces":{"north":{"uv":[5,4.75,5.25,5.5],"texture":"#4"},"east":{"uv":[4.75,5.125,5,5.875],"texture":"#4"},"south":{"uv":[5.25,3.25,5.5,4],"texture":"#4"},"west":{"uv":[5.25,4,5.5,4.75],"texture":"#4"},"up":{"uv":[6.25,5.25,6,5],"texture":"#4"},"down":{"uv":[6.25,5.25,6,5.5],"texture":"#4"}}},{"from":[24,10.8,10.85],"to":[26,15.8,12.85],"rotation":{"angle":0,"axis":"y","origin":[16,0,15]},"faces":{"north":{"uv":[5.75,3.25,6,3.875],"texture":"#4"},"east":{"uv":[3.5,5.75,3.75,6.375],"texture":"#4"},"south":{"uv":[3.75,5.75,4,6.375],"texture":"#4"},"west":{"uv":[5.75,3.875,6,4.5],"texture":"#4"},"up":{"uv":[6.25,4.75,6,4.5],"texture":"#4"},"down":{"uv":[6.25,4.75,6,5],"texture":"#4"}}},{"from":[-10,10.8,10.85],"to":[-8,15.8,12.85],"rotation":{"angle":0,"axis":"y","origin":[0,0,15]},"faces":{"north":{"uv":[2.5,5.75,2.75,6.375],"texture":"#4"},"east":{"uv":[2.75,5.75,3,6.375],"texture":"#4"},"south":{"uv":[3,5.75,3.25,6.375],"texture":"#4"},"west":{"uv":[3.25,5.75,3.5,6.375],"texture":"#4"},"up":{"uv":[6.25,4.5,6,4.25],"texture":"#4"},"down":{"uv":[4.75,6,4.5,6.25],"texture":"#4"}}},{"from":[-9.99,5.85,11.77],"to":[-8.01,11.85,13.77],"rotation":{"angle":-22.5,"axis":"x","origin":[-9,9,14]},"faces":{"north":{"uv":[4,5,4.25,5.75],"texture":"#4"},"east":{"uv":[5,4,5.25,4.75],"texture":"#4"},"south":{"uv":[4.25,5,4.5,5.75],"texture":"#4"},"west":{"uv":[4.5,5,4.75,5.75],"texture":"#4"},"up":{"uv":[6.25,4.25,6,4],"texture":"#4"},"down":{"uv":[4.5,6,4.25,6.25],"texture":"#4"}}},{"from":[-10,0,13],"to":[-8,6,15],"rotation":{"angle":0,"axis":"y","origin":[0,0,15]},"faces":{"north":{"uv":[3.25,5,3.5,5.75],"texture":"#4"},"east":{"uv":[5,3.25,5.25,4],"texture":"#4"},"south":{"uv":[3.5,5,3.75,5.75],"texture":"#4"},"west":{"uv":[3.75,5,4,5.75],"texture":"#4"},"up":{"uv":[6.25,3.75,6,3.5],"texture":"#4"},"down":{"uv":[6.25,3.75,6,4],"texture":"#4"}}}],"display":{"thirdperson_righthand":{"rotation":[73.15,20.91,3.31],"translation":[0,3,0],"scale":[0.3125,0.3125,0.3125]},"thirdperson_lefthand":{"rotation":[73.15,20.91,3.31],"translation":[0,3,0],"scale":[0.3125,0.3125,0.3125]},"firstperson_righthand":{"rotation":[170.6,60.54,-176.46],"translation":[0.75,2,0],"scale":[0.15781,0.15781,0.15781]},"firstperson_lefthand":{"rotation":[170.6,60.54,-176.46],"translation":[0.75,2,0],"scale":[0.15781,0.15781,0.15781]},"ground":{"translation":[0,1.75,0],"scale":[0.50586,0.50586,0.50586]},"gui":{"rotation":[30,225,0],"translation":[0,-1,0],"scale":[0.39063,0.39063,0.39063]},"head":{"translation":[0,-30.4,0],"scale":[1.6,1.6,1.6]},"fixed":{"rotation":[-90,180,0],"translation":[0,0,-16],"scale":[2.01,2.01,2.01]}}}