{"texture_size":[32,32],"textures":{"1":"medieval_furniture_plus:candlefire","3":"medieval_furniture_plus:torch","particle":"medieval_furniture_plus:candlefire"},"elements":[{"from":[7.05,-0.0551,6.95],"to":[9.05,8.9449,8.95],"rotation":{"angle":0,"axis":"x","origin":[8,8.26028,7.55074]},"faces":{"north":{"uv":[4.5,5,5.5,9.5],"texture":"#3"},"east":{"uv":[5.5,4.5,6.5,9],"texture":"#3"},"south":{"uv":[6.5,0,7.5,4.5],"texture":"#3"},"west":{"uv":[6.5,4.5,7.5,9],"texture":"#3"},"up":{"uv":[5,10.5,4,9.5],"texture":"#3"},"down":{"uv":[11,1,10,2],"texture":"#3"}}},{"from":[5.05,8.9449,7.95],"to":[11.05,14.9449,7.95],"rotation":{"angle":0,"axis":"x","origin":[8,8.26028,7.55074]},"faces":{"north":{"uv":[0,0,16,16],"texture":"#1"},"east":{"uv":[0,0,0,3],"texture":"#missing"},"south":{"uv":[16,0,0,16],"texture":"#1"},"west":{"uv":[0,0,0,3],"texture":"#missing"},"up":{"uv":[3,0,0,0],"texture":"#missing"},"down":{"uv":[3,0,0,0],"texture":"#missing"}}},{"from":[8.05,8.9449,4.95],"to":[8.05,14.9449,10.95],"rotation":{"angle":0,"axis":"x","origin":[8,8.26028,7.55074]},"faces":{"north":{"uv":[0,0,0,3],"texture":"#missing"},"east":{"uv":[0,0,16,16],"texture":"#1"},"south":{"uv":[0,0,0,3],"texture":"#missing"},"west":{"uv":[16,0,0,16],"texture":"#1"},"up":{"uv":[0,3,0,0],"texture":"#missing"},"down":{"uv":[0,0,0,3],"texture":"#missing"}}},{"from":[6.85,0.4449,6.75],"to":[9.25,9.4449,9.15],"rotation":{"angle":0,"axis":"x","origin":[8,8.26028,7.55074]},"faces":{"north":{"uv":[0,5,1.25,9.5],"texture":"#3"},"east":{"uv":[5,0,6.25,4.5],"texture":"#3"},"south":{"uv":[1.5,5,2.75,9.5],"texture":"#3"},"west":{"uv":[3,5,4.25,9.5],"texture":"#3"},"up":{"uv":[2.25,10.75,1,9.5],"texture":"#3"},"down":{"uv":[3.75,9.5,2.5,10.75],"texture":"#3"}}},{"from":[9.25,9.4449,9.15],"to":[6.85,0.4449,6.75],"rotation":{"angle":0,"axis":"x","origin":[8,8.26028,7.55074]},"faces":{"north":{"uv":[0,9.5,1.25,5],"texture":"#3"},"east":{"uv":[5,4.5,6.25,0],"texture":"#3"},"south":{"uv":[1.5,9.5,2.75,5],"texture":"#3"},"west":{"uv":[3,9.5,4.25,5],"texture":"#3"},"up":{"uv":[2.25,10.75,1,9.5],"texture":"#3"},"down":{"uv":[3.75,9.5,2.5,10.75],"texture":"#3"}}},{"from":[5.8,7.9449,5.8],"to":[10.2,10.9449,5.8],"rotation":{"angle":0,"axis":"x","origin":[8,8.26028,7.55074]},"faces":{"north":{"uv":[7.5,0,9.75,1.5],"texture":"#3"},"east":{"uv":[0,0,0,1.5],"texture":"#3"},"south":{"uv":[7.5,1.5,9.75,3],"texture":"#3"},"west":{"uv":[0,0,0,1.5],"texture":"#3"},"up":{"uv":[2.25,0,0,0],"texture":"#3"},"down":{"uv":[2.25,0,0,0],"texture":"#3"}}},{"from":[5.8,7.9449,10.2],"to":[10.2,10.9449,10.2],"rotation":{"angle":0,"axis":"x","origin":[8,8.26028,7.55074]},"faces":{"north":{"uv":[7.5,0,9.75,1.5],"texture":"#3"},"east":{"uv":[0,0,0,1.5],"texture":"#3"},"south":{"uv":[7.5,1.5,9.75,3],"texture":"#3"},"west":{"uv":[0,0,0,1.5],"texture":"#3"},"up":{"uv":[2.25,0,0,0],"texture":"#3"},"down":{"uv":[2.25,0,0,0],"texture":"#3"}}},{"from":[5.8,7.9449,5.8],"to":[10.2,7.9449,10.2],"rotation":{"angle":0,"axis":"x","origin":[8,8.26028,7.55074]},"faces":{"north":{"uv":[0,0,0,1.5],"texture":"#3"},"east":{"uv":[5.5,9,7.75,10.5],"texture":"#3"},"south":{"uv":[0,0,0,1.5],"texture":"#3"},"west":{"uv":[5,13,7.2,13],"texture":"#3"},"up":{"uv":[10,13.95,12.2,11.75],"texture":"#3"},"down":{"uv":[10,11.75,12.2,13.95],"texture":"#3"}}},{"from":[5.8,7.9449,5.8],"to":[10.2,10.9449,5.8],"rotation":{"angle":0,"axis":"x","origin":[8,8.26028,7.55074]},"faces":{"north":{"uv":[7.5,6,9.75,7.5],"texture":"#3"},"east":{"uv":[0,0,0,1.5],"texture":"#3"},"south":{"uv":[7.5,7.5,9.75,9],"texture":"#3"},"west":{"uv":[0,0,0,1.5],"texture":"#3"},"up":{"uv":[2.25,0,0,0],"texture":"#3"},"down":{"uv":[2.25,0,0,0],"texture":"#3"}}},{"from":[5.8,7.9449,5.8],"to":[5.8,10.9449,10.2],"rotation":{"angle":0,"axis":"x","origin":[8,8.26028,7.55074]},"faces":{"north":{"uv":[0,0,0,1.5],"texture":"#3"},"east":{"uv":[7.5,3,9.75,4.5],"texture":"#3"},"south":{"uv":[0,0,0,1.5],"texture":"#3"},"west":{"uv":[7.5,4.5,9.75,6],"texture":"#3"},"up":{"uv":[0,2.25,0,0],"texture":"#3"},"down":{"uv":[0,0,0,2.25],"texture":"#3"}}},{"from":[10.2,7.9449,5.8],"to":[10.2,10.9449,10.2],"rotation":{"angle":0,"axis":"x","origin":[8,8.26028,7.55074]},"faces":{"north":{"uv":[0,0,0,1.5],"texture":"#3"},"east":{"uv":[7.5,3,9.75,4.5],"texture":"#3"},"south":{"uv":[0,0,0,1.5],"texture":"#3"},"west":{"uv":[7.5,4.5,9.75,6],"texture":"#3"},"up":{"uv":[0,2.25,0,0],"texture":"#3"},"down":{"uv":[0,0,0,2.25],"texture":"#3"}}},{"from":[5.8,7.9449,5.8],"to":[5.8,10.9449,10.2],"rotation":{"angle":0,"axis":"x","origin":[8,8.26028,7.55074]},"faces":{"north":{"uv":[0,0,0,1.5],"texture":"#3"},"east":{"uv":[7.5,3,9.75,4.5],"texture":"#3"},"south":{"uv":[0,0,0,1.5],"texture":"#3"},"west":{"uv":[7.5,4.5,9.75,6],"texture":"#3"},"up":{"uv":[0,2.25,0,0],"texture":"#3"},"down":{"uv":[0,0,0,2.25],"texture":"#3"}}}],"gui_light":"front","display":{"thirdperson_righthand":{"rotation":[34.78,-1.74,5.52],"translation":[0,2.25,1.75],"scale":[0.58008,0.58008,0.58008]},"thirdperson_lefthand":{"rotation":[34.78,-1.74,5.52],"translation":[0,2.25,1.75],"scale":[0.58008,0.58008,0.58008]},"firstperson_righthand":{"rotation":[176.39,4.98,176.76],"translation":[2.75,2.75,0],"scale":[0.54844,0.54844,0.54844]},"firstperson_lefthand":{"rotation":[176.39,4.98,176.76],"translation":[2.75,2.75,0],"scale":[0.54844,0.54844,0.54844]},"ground":{"translation":[0,5.75,0],"scale":[0.86328,0.86328,0.86328]},"gui":{"rotation":[30,225,0],"translation":[0.75,0.25,0],"scale":[1.00391,1.00391,1.00391]},"head":{"rotation":[-180,0,-180],"translation":[0,-30.4,0],"scale":[1.6,1.6,1.6]},"fixed":{"rotation":[-90,0,0],"translation":[0,0,-16],"scale":[2.01,2.01,2.01]}}}