{"parent":"minecraft:item/handheld","textures":{"layer0":"minecraft:item/stick"},"overrides":[{"predicate":{"custom_model_data":10000},"model":"medieval_furniture_plus:chair"},{"predicate":{"custom_model_data":10001},"model":"medieval_furniture_plus:stool"},{"predicate":{"custom_model_data":10002},"model":"medieval_furniture_plus:table_v1"},{"predicate":{"custom_model_data":10003},"model":"medieval_furniture_plus:table_v2"},{"predicate":{"custom_model_data":10004},"model":"medieval_furniture_plus:table_v3"},{"predicate":{"custom_model_data":10005},"model":"medieval_furniture_plus:chest"},{"predicate":{"custom_model_data":10006},"model":"medieval_furniture_plus:candlestick"},{"predicate":{"custom_model_data":10007},"model":"medieval_furniture_plus:cart"},{"predicate":{"custom_model_data":10008},"model":"medieval_furniture_plus:boxes"},{"predicate":{"custom_model_data":10009},"model":"medieval_furniture_plus:boxes_v2"},{"predicate":{"custom_model_data":10010},"model":"medieval_furniture_plus:boxes_v3"},{"predicate":{"custom_model_data":10011},"model":"medieval_furniture_plus:boxesv4"},{"predicate":{"custom_model_data":10012},"model":"medieval_furniture_plus:bench"},{"predicate":{"custom_model_data":10013},"model":"medieval_furniture_plus:chandelier"},{"predicate":{"custom_model_data":10014},"model":"medieval_furniture_plus:torch"},{"predicate":{"custom_model_data":10015},"model":"medieval_furniture_plus:wall_torch"},{"predicate":{"custom_model_data":10016},"model":"medieval_furniture_plus:desk"},{"predicate":{"custom_model_data":10017},"model":"medieval_furniture_plus:bed"},{"predicate":{"custom_model_data":10018},"model":"medieval_furniture_plus:storage"},{"predicate":{"custom_model_data":10019},"model":"medieval_furniture_plus:storage_open"},{"predicate":{"custom_model_data":10020},"model":"medieval_furniture_plus:bedside_table"},{"predicate":{"custom_model_data":10021},"model":"medieval_furniture_plus:candel"},{"predicate":{"custom_model_data":10022},"model":"item/stick"}]}